Beach_ball,Item_Price
"20"" Colorful 6-Panel Circle Print Inflatable Beach Ball Swimming Pool Toy",$4.49
"Pool Central 20"" Inflatable 6-Panel Flower Print Beach Ball Swimming Pool Toy - Vibrantly Colored","$4.49List price $7.99
Save  $3.50"
"Pool Central 16"" Inflatable Volleyball Designed Beach Ball Swimming Pool Toy - Yellow/Black",$3.49
"Pool Central 16"" Inflatable Soccer Designed Beach Ball Swimming Pool Toy - Black/White",$3.49
"20"" Colorful 6-Panel Star Print Inflatable Beach Ball Swimming Pool Toy","$4.49List price $7.99
Save  $3.50"
Swimline Inflatable 36-Inch Classic Rainbow Beach Ball For Pool/Lake | 90036,$8.39
Intex Jumbo Inflatable Big Panel Colorful Giant Beach Ball (Set of 4) | 59065EP,"$28.99List price $30.99
Save  $2.00"
12-Pack of Inflatable Beach Balls with Air Pump Inflator with Flexible Pipe,$13.99
"H2OGO! 18"" Fruit Beach Balls, Kiwi",$3.00
"Waverunner Beach Ball, Available in Various Colors",$6.41 - $12.62
"One Dozen ~(12)~ 6"" Rainbow Colored Beach Balls",$6.99
9'' Inch Inflatable Swimming Beach Ball Colorful Blow Traditional Party Game Toy,"$4.98List price $10.61
Save  $5.63"
"12"" Classic Inflatable Beach Ball Multicolored Swimming Pool Party Favor Toy",$4.99
Disney Mickey Mouse & Friends Inflatable Beach Ball,$6.59
Mini Patriotic Star Beach Balls (1 dozen) - Bulk,$13.69
Americana 24in. Inflatable Beach Ball Pool Toy,$8.48
"Pool Central 16"" Inflatable 6-Panel Beach Basketball Swimming Pool Toy - Orange/Black","$3.49List price $5.49
Save  $2.00"
1 Rainbow PVC Ball Inflatable Sport Bounce Kick Classic Beach Football Pool Lake,$6.70
"12"" Patriotic Red White and Blue Beach Ball 24ct",$14.95
Inflatable Beach Balls - 6 Pack - Bright Rainbow Colored Pool Toys for Kids and Adults - By Dazzling Toys,$7.49
"Fun Land 24 inch Jumbo Colorful Beach Balls Rainbow Color 24"" (12 Pack)",$20.99
Giant Blow Up Holiday Pool Party Swimming Garden Large Inflatable Beach Ball Toy,$9.83
10pc 23CM Inflatable Swimming Pool Party Water Game Balloon Beach Ball Toy,$14.43
"Red, White, And Blue Beach Balls",$8.42
"Pool Central 45"" Classic Inflatable 6-Panel Jumbo Beach Ball Swimming Pool Toy - Vibrantly Colored","$13.49List price $16.99
Save  $3.50"
"Pool Central 39"" Inflatable 6-Panel Jumbo Beach Ball Swimming Pool Toy - Vibrantly Colored",$10.49
"2Pcs 9"" Water Game Toy Inflatable Beach Ball Swimming Splash Play Bright Mullti Color Pool Toys for Kids Children","$5.17List price $11.48
Save  $6.31"
"2 ram-pro beach ball 20"" inflatable beach , pool party adult kids games summer fun",$6.52
Intex Jumbo Inflatable Big Panel Colorful Giant Beach Ball (Set of 2) | 59065EP,"$19.99List price $24.99
Save  $5.00"
"Mozlly Mozlly Value Pack - CoTa Global Inflatable Pool Float Party Silver Swing Ring AND Silver Beach Ball Premium Elegant Heavy Duty Vinyl Flotation Toy, For , Party, Vacation, UV Resistant (2 I",$19.88
"Mozlly Mozlly Value Pack - CoTa Global Inflatable Pool Float Party Rose Gold Swim Ring AND Confetti Beach Premium Elegant Heavy Duty Vinyl Flotation Toy, For , Vacation, UV Resistant (2 Item",$18.50
"16.5"" LED Lighted Inflatable Beach Ball Swimming Pool Toy",$12.99
"Emoji Beach Balls - 12"" - 12 pack",$14.90
"Wealers Beach Paddle Replacement Balls Set, High Visibility Assorted Colors",$10.99
"CoTa Global CoTa Global Inflatable Pool Beach Ball Accessory Rose Gold Confetti 16 Inches, Premium Elegant Heavy Duty Vinyl Pool Toy, For the , Party, Vacation, UV Resistant – Pool Party Inflatab",$8.98
"Mozlly Mozlly Value Pack - CoTa Global Inflatable Beach Balls Rose Gold, Gold and Silver Confetti 16 Inch, Premium Elegant Heavy Duty Vinyl Pool Toy, For Pool Party, Vacation, UV Resistant (3 Items) I",$15.60
9 Inch Holiday Pool Party Swimming Garden Large Inflatable Beach Ball Toy,$8.65
Blue and White Beach Balls,$10.88
12cm Holiday Pool Party Swimming Garden Large Inflatable Beach Ball Toy,$9.73
"Inflatable PVC 2M Water Walking Ball, Beach Ball for Parties, Water Park, Pools",$175.99
"20"" Colorful 6-Panel Circle Print Inflatable Beach Ball Swimming Pool Toy",$4.49
"Pool Central 20"" Inflatable 6-Panel Flower Print Beach Ball Swimming Pool Toy - Vibrantly Colored","$4.49List price $7.99
Save  $3.50"
"Pool Central 16"" Inflatable Volleyball Designed Beach Ball Swimming Pool Toy - Yellow/Black",$19.88
"20"" Inflatable Bright Star Beach Ball Swimming Pool Toy",$5.99
"48"" Aqua Glow LED Beach Ball",$54.91
"SwimWays Light-Up Beach Ball, 4-Pack","$32.94Was $34.99
Save  $2.05"
"Swimline 48"" Inflatable Classic Beach Ball - Vibrantly Colored","$10.49List price $12.99
Save  $2.50"
"16"" Pink Flamingo Party Pack Inflatable Beach Balls (12 Pack)",$13.99
"Cota Global Inflatable Pool Beach Ball Accessory Silver Confetti 16 Inches, Premium Elegant Heavy Duty Vinyl Pool Toy, For the , Party, Vacation, UV Resistant – Pool Party #201010",$9.99
Set of 12 Mini Beach Ball 2 Inch Squeezable Stress Balls,$18.45
"GIANT RAINBOW BEACH BALL - HUGE 32"" DIAMETER",$18.41
PoolCandy Glow In The Dark Beach Ball,$24.97
"10"" White Beach Ball",$4.97
Ralme Marvel Comics Ultimate Spider-Man Colossal Beach Ball Novelty Character Outdoor Toys,$13.94
"Fun Express - Wide Striped Beach Balls 14"" - Toys - Inflates - Beach Balls - 12 Pieces",$16.79
15inch Inflatable Countries Cities Educational Products Earth World Globe Map Beach Ball Students Education Geography Kids Soft Toy,$5.99
24 Pack Inflatable Beach Balls - Bright Rainbow Colored Pool Toys for Kids and Adults - By Dazzling Toys,$20.49
"15"" Inch PVC Inflatable Earth World Geography Teaching Tool Kids Childrens Beach Ball Fun Game Toy",$5.59
"Fun Express - ""clear Rainbow Beach Balls (11"""")"" for Summer - Toys - Inflates - Beach Balls - Summer - 12 Pieces",$19.39
15inch Inflatable Educational Products Countries Cities Earth World Globe Map Beach Ball Students Education Geography Kids Soft Toy,$5.46
Brybelly The Beach Behemoth Giant 12-Foot Beach Ball,$95.99
"Brybelly 12-Pack 12"" Beach Balls",$14.99
"15 Inch(38CM) Inflatable Globe Beach Ball PVC Inflatable Earth World Ball Toy for Kids Children Playing or Geography Education Teaching, 2/4/6/8/10PACK",$5.82 - $20.52
"16.5"" White LED Lighted Inflatable Beach Ball Swimming Pool Toy",$14.49
"2Pcs 9"" Water Game Toy Inflatable 2Pcs Beach Ball Swimming Splash Play Bright Mullti Color Pool Toys for Kids Children","$6.49List price $13.63
Save  $7.14"
"Brybelly 12-Pack 16"" Beach Balls",$17.99
10 Pack PVC Inflatable Globe Beach Ball Blow up Earth World Ball For Kids Children Learning or Playing 15 Inch,$16.99
"Mozlly Mozlly Value Pack - CoTa Global Inflatable Beach Balls Gold and Rose Gold Confetti 16 Inch, Premium Elegant Heavy Duty Vinyl Pool Toy, For Pool Party, Vacation, UV Resistant (2 Items) Inflatabl",$16.83
Mini Soccer Beach Ball,$4.94
"Inflate Beach Ball 24"" For Dz",$39.24
12 Emoji Beach Balls Inflatable 12 Inch - Birthday Pool Party Toys,$14.72
"2 Pack Inflatable Globe Beach Ball Inflatable Earth World Ball Playing Toy for Kids Children Learning, 15 2 Inch",$6.93
"24"" Six-Color Beach Ball",$11.57
Fun Express Monster Beach Balls (1 Dozen),$15.51
"Swim Central 46"" Inflatable 6-Panel Polka Dotted Beach Ball Toy - Subtle Colored",$16.49
Fun Express - Inflate Mini Ladybug Beach Balls for Birthday - Toys - Inflates - Mini Beach Balls - Birthday - 12 Pieces,$13.69
Swimline Candy Transparent Beach Ball - Colors May Vary,$8.89
Inflatable Red Beach Balls,"$17.32List price $22.32
Save  $5.00"
"Inflatable Beach Ball 8""",$1.31
"Bocce Ball Set- Outdoor Family Bocce Game for Backyard, Lawn, Beach and More- Red and Green Balls, Pallino, and Equipment Carrying Case by Hey! Play!","$32.99Was $48.14
Save  $15.15"
"2Pcs 9"" Water Game Toy Inflatable Beach Ball Swimming Splash Play Bright Mullti Color Pool Toys for Kids Children","$5.62List price $11.86
Save  $6.24"
Mini Beach Ball (12 Count),$11.11
"Mozlly Mozlly Value Pack - CoTa Global Inflatable Pool Float Party Gold Swim Ring AND Confetti Beach Ball Premium Elegant Heavy Duty Vinyl Flotation Toy, For , Party, Vacation, UV Resistant (2 It",$19.88
"20"" Inflatable Bright Star Beach Ball Swimming Pool Toy",$5.99
"48"" Aqua Glow LED Beach Ball",$54.91
"SwimWays Light-Up Beach Ball, 4-Pack","$32.94Was $34.99
Save  $2.05"
"Swimline 48"" Inflatable Classic Beach Ball - Vibrantly Colored","$10.49List price $12.99
Save  $2.50"
"16"" Pink Flamingo Party Pack Inflatable Beach Balls (12 Pack)",$13.99
"Cota Global Inflatable Pool Beach Ball Accessory Silver Confetti 16 Inches, Premium Elegant Heavy Duty Vinyl Pool Toy, For the , Party, Vacation, UV Resistant – Pool Party #201010",$9.99
Set of 12 Mini Beach Ball 2 Inch Squeezable Stress Balls,$18.45
"GIANT RAINBOW BEACH BALL - HUGE 32"" DIAMETER",$18.41
PoolCandy Glow In The Dark Beach Ball,$24.97
"10"" White Beach Ball",$4.97
Ralme Marvel Comics Ultimate Spider-Man Colossal Beach Ball Novelty Character Outdoor Toys,$13.94
"Fun Express - Wide Striped Beach Balls 14"" - Toys - Inflates - Beach Balls - 12 Pieces",$16.79
15inch Inflatable Countries Cities Educational Products Earth World Globe Map Beach Ball Students Education Geography Kids Soft Toy,$18.99
8' Jumbo Beach Ball,$129.21
Marvel Spider-Man Inflatable Beach Ball Kids Superhero Pool Toy,"$8.99List price $14.99
Save  $6.00"
"5"" Beach Ball",$4.59
"3 Packs Girls Fancy Nancy Frenchy Bree Inflatable Beach Ball 13.5""",$13.15
Fun Express - Black Autograph Beach Ball for Graduation - Toys - Inflates - Beach Balls - Graduation - 12 Pieces,$19.39
Inflatable Beach Ball Assortment (25 PIECES) - BULK,$27.99
"6x Inflatable World Earth Globe 6x Map Beach Ball Geography Education Playing Toy or Teaching, 15 Inch",$10.28
Holiday Basketball Pool Party Swimming Garden Large Inflatable Beach Ball Toy,$9.14
"6x Inflatable World Earth Globe Map Beach Ball Geography Education Playing Toy or Teaching, 15 Inch",$11.52
"Swim Pool Balls, 6pc 18in Emoji Set Kids Small Toy Inflatable Beach Ball",$27.95
Rubber Kids Pool Swimming Splash Play beach ball Party Water Game Toy Inflatable Beach,"$4.82List price $10.17
Save  $5.35"
"Mozlly Mozlly Value Pack - CoTa Global Inflatable Beach Balls Silver and Rose Gold Confetti 16 Inch, Premium Elegant Heavy Duty Vinyl Pool Toy, For Pool Party, Vacation, UV Resistant (2 Items) Inflata",$16.83
"Swim Central 36"" Inflatable 6-Panel Color Blocked Beach Ball Toy - Vibrantly Colored",$14.49
Doc McStuffins Inflatable 20 in. Beach Ball,$24.29
"INTEX 24"" Inflatable Paradise Panel Colorful Beach Ball - (Set of 2) | 59032EP",$14.95
Color Your Own Flip Flop Beach Balls,$15.95
"2Pcs 9"" Water Game Toy Inflatable Beach Ball Swimming Splash Play Bright Mullti Color Pool Toys for Kids Children","$6.38List price $13.53
Save  $7.15"
4x Inflatable World Earth Globe Map Beach Ball Geography Education Playing Toy or Teaching 15 Inch,"$11.16List price $23.66
Save  $12.50"
Striped Deluxe Beach Ball,$5.99
4x Inflatable World Earth Globe Map Beach Ball 4x Geography Education Playing Toy or Teaching 15 Inch,$10.28
"Lot Of 12 Assorted Sports Theme Mini Beach Balls - 5.5""",$28.50
"16"" Black and White 6-Panel Inflatable Beach Soccer Ball Swimming Pool Toy",$4.99
"PoolCandy - Illuminated Beach Ball, 12 Inches","$7.99Was $10.75
Save  $2.76"
"Inflatable Beachballs - 12 SMILE Happy Face inflate beach balls - assorted colors - small 6"" size",$7.94
"12"" Rainbow Color Party Pack Inflatable Beach Balls (12 Pack)",$9.99
Paddle Ball Beach Ball Game - Wooden Set of 2 Paddles and Ball - By Trademark Innovations (Blue & Red Paddles),$11.99
"US Toy Inflatable Giant Beach Ball, 48""","$9.82Was $11.72
Save  $1.90"
"Giant Beach Ball - Huge Inflatable 48"" Beach Ball - Jumbo Fun Sized",$12.95
SwimWays Light-Up Beach Ball,$13.94
"20"" Multi-Colored Beach Ball Champion Sports - Ships Directly From Champion Spo",$3.19 - $4.05
"2 Pack Inflatable Globe Beach Ball Inflatable Earth World 2 Ball Playing Toy for Kids Children Learning, 15 Inch",$6.93
"Fun Express - ""gid Striped Beach Ball 5"""""" for Summer - Toys - Inflates - Mini Beach Balls - Summer - 12 Pieces",$13.69
Mickey Mouse & Friends Inflatable Beach Ball 3 Pack,"$12.99List price $29.97
Save  $16.98"
Disney Princess Pink Inflatable Beach Ball Girls Toy Summer Pool Games,"$9.99List price $14.99
Save  $5.00"
"Sportime Heavy Duty Beach Ball, 30 in Dia, Multiple Colors","$10.19List price $15.09
Save  $4.90"
"20"" Inflatable Bright Flower Beach Ball Swimming Pool Toy","$5.99List price $6.59
Save  $0.60"
Autism Awareness Beach Ball,$4.67
Disney Fairies Beach Ball - TinkerBell Beach Ball (20 Inch),$7.34
"Girls Fancy Nancy Frenchy Bree Inflatable Beach Ball 13.5""",$6.59
"Giant 48"" Multi Color Beach Ball Pool Toy Luau Party Game Fun Monster Size",$18.99
8' Jumbo Beach Ball,$129.21
Marvel Spider-Man Inflatable Beach Ball Kids Superhero Pool Toy,"$8.99List price $14.99
Save  $6.00"
"5"" Beach Ball",$4.59
"3 Packs Girls Fancy Nancy Frenchy Bree Inflatable Beach Ball 13.5""",$13.15
"Dozen 12"" Red And White Beach Ball",$9.15
4x Inflatable World Earth Globe Map Beach Ball Geography Education Playing Toy or Teaching 15 Inch,"$11.16List price $23.66
Save  $12.50"
Striped Deluxe Beach Ball,$5.99
4x Inflatable World Earth Globe Map Beach Ball 4x Geography Education Playing Toy or Teaching 15 Inch,$10.28
"Lot Of 12 Assorted Sports Theme Mini Beach Balls - 5.5""",$28.50
"16"" Black and White 6-Panel Inflatable Beach Soccer Ball Swimming Pool Toy",$4.99
"Bocce Ball Set- Regulation Outdoor Family Bocce Game for Backyard, Lawn, Beach and More- 8 Balls, Pallino, and Carrying Case by Hey! Play! (Bud Light)",$53.00 - $96.34
"2Pcs 9"" Water Game Toy Inflatable Beach Ball Swimming Splash Play Bright Mullti Color Pool Toys for Kids Children","$5.98List price $12.62
Save  $6.64"
"Sportime Heavy Duty Beach Balls, 16"" Diameter, Set of 6, Assorted Colors",$33.15
Beach Ball Squirters,$9.65
Beach Balls - eBook,$2.50
"2 Pack Inflatable Globe Beach Ball Inflatable Earth World Ball Playing Toy for Kids Children Learning, 15 Inch",$6.99
"Swimways Star Wars Light Up Death Star 31"" XXL Size Beach Ball",$29.99
Pumponator Neosplash Paddle Ball Set,$14.99
ACTION BEACH BALL EACH BELL,"$8.59List price $14.13
Save  $5.54"
"Swim Pool Balls, 6pc 18in Emoji Set Kids Small Toy Inflatable Beach Ball","$24.79List price $29.99
Save  $5.20"
"Color-Me Beach Balls, Pack of 12",$21.18
"Fun Express - Clear Rainbow Beach Balls (11"") 1 pc for Summer - Toys - Inflates - Beach Balls - Summer - 1 Piece",$9.09
"Angry Birds Inflatable 16"" Beach Ball x 2 balls",$47.07
"Inflatable 11"" Walking with Jesus Medium Beach Balls","$11.79List price $16.79
Save  $5.00"
"Way To Celebrate! 12inch Glow Beach Ball, Green",In-store purchase only
"Way To Celebrate! 12inch Glow Beach Ball, Pink",In-store purchase only
"H2OGO! 20"" Beach Ball",In-store purchase only
H2OGO! 20” Beach Balls – 2 pack,In-store purchase only
"Kicko 9"" Inflatable Baseball Toy - 12 Pieces of Squishy and Bouncy Ball - Party Bag Fillers, Gifts, Giveaways, Decorations, Perfect All-Season Outdoor, and Indoor Games - or Park",$11.63Out of stock
"H2OGO! 18"" Fruit Beach Balls, Orange",$3.00
"H2OGO! 18"" Fruit Beach Balls, Strawberry",$3.00
"Wealers Beach Design Paddle Set, 2 Paddles, 1 Ball.",$6.99 - $41.99
"Inflatable Beachballs - 12 SMILE Happy Face inflate beach balls - assorted colors - small 6"" size",$7.94
Wave Runner Grip Ball 6 Colors Water Skipping Beach Lake Pool Game Aquatic Toy,$32.14
Fun In The Sun Zinc Car Charm -Beach Umbrella and Ball,$15.03
Fun Express - Easter Emoji Beach Ball for Easter - Toys - Inflates - Beach Balls - Easter - 12 Pieces,$22.59
PATRIOTIC BEACH BALL SET OF 2,$18.60
Fun Express - Emoji Printed Large Beach Balls - Toys - Inflates - Beach Balls - 6 Pieces,$16.97
2PK Intex Jumbo Beach Ball,$28.27
Smile Jesus Loves You Mini Beach Balls - 12 Pieces,"$7.49List price $12.49
Save  $5.00"
Fun Express - Facts About Jesus Beach Ball 1 pc - Toys - Inflates - Beach Balls - 1 Piece,$10.09
"Fun Express - Pink Gid Striped Beach Ball 11"" (1pc) for Summer - Toys - Inflates - Beach Balls - Summer - 1 Piece",$9.13
"Smurf 24"" Beach Ball 1982",$77.50
Fun Express - Inflate Smile Face Beach Balls Gn 1 pc - Toys - Inflates - Beach Balls - 1 Piece,$12.19
Inflatable Surfs Up Beach Balls,"$15.18List price $20.18
Save  $5.00"
"6"" Beach Ball Assortment (Package of 24) pastel beachballs by happy deals",$14.64
Inflatable Surfs Up Beach Balls,$19.39
"12"" PATRIOTIC BEACH BALL",$21.47
Fun Express - Inflate Smile Face Beach Balls Rd 1 pc - Toys - Inflates - Beach Balls - 1 Piece,$12.19
Inflatable Monster Beach Balls,"$14.09List price $19.09
Save  $5.00"
Inflatable Yellow Mini Beach Balls,"$14.62List price $19.62
Save  $5.00"
Inflatable Mini Tie-Dyed Beach Balls,"$7.49List price $12.49
Save  $5.00"
Fun Express - Cyo Patriotic Beach Balls for Fourth of July - Craft Kits - CYO - General - Plastic - Fourth of July - 12 Pieces,$19.39
Fun Express - Walking With Jesus Inflate Bch Balls 1pc - Toys - Inflates - Beach Balls - 1 Piece,$9.09
38CM Diameter Inflatable Earth World Globe Map Decoration Play on Beach Ball Geography Teaching Education Toy Fun Toy for Kids,$4.99
Fun Express - Monster Mini Beach Ball Green 1pc - Toys - Inflates - Mini Beach Balls - 1 Piece,$11.19
(Price/Bag)US TOY DK79 Glow Beach Ball,$19.78
"Fun Express - Yellow Gid Striped Beach Ball 11"" (1pc) for Summer - Toys - Inflates - Beach Balls - Summer - 1 Piece",$9.09
"Bright Multi-colored Panel Beach Ball - 16"" (Deflated)",$11.19
"Fun Express - Silver 5"" Mini Beach Ball - Toys - Inflates - Mini Beach Balls - 12 Pieces",$13.49
Fun Express - Red Autograph Beach Ball for Graduation - Toys - Inflates - Beach Balls - Graduation - 12 Pieces,$19.39
Fun Express - Monster Beach Ball Blue 1pc - Toys - Inflates - Beach Balls - 1 Piece,$15.29
12 Inflatable Pirate Beach Balls,"$6.25List price $11.25
Save  $5.00"
Inflatable Jumbo Bright Beach Balls,$19.39
